HeadX,HeadY,ShoulderLX,ShoulderLY,ShoulderRX,ShoulderRY,ElbowLX,ElbowLY,ElbowRX,ElbowRY,WristLX,WristLY,WristRX,WristRY,WaistLX,WaistLY,WaistRX,WaistRY
0.5321705937385559,0.7162631452083588,0.5747721195220947,0.6215623617172241,0.49306976795196533,0.6288464963436127,0.5797876119613647,0.5038786232471466,0.47628694772720337,0.5123780965805054,0.5880464911460876,0.40599143505096436,0.46760866045951843,0.41248589754104614,0.5564551949501038,0.40512168407440186,0.5072041749954224,0.40271854400634766
0.5321242213249207,0.7156189382076263,0.5747564435005188,0.6216270327568054,0.49307572841644287,0.6288969218730927,0.5797930955886841,0.5039016306400299,0.4762774407863617,0.512416422367096,0.5880364179611206,0.40603208541870117,0.4676157534122467,0.4125393033027649,0.5565066933631897,0.40507304668426514,0.5072327852249146,0.40269315242767334
0.5320721864700317,0.7151347398757935,0.5747476816177368,0.6217239797115326,0.49307966232299805,0.628925234079361,0.5796690583229065,0.5042716562747955,0.47627612948417664,0.512429803609848,0.5879526138305664,0.40628141164779663,0.46763160824775696,0.412511944770813,0.5565328598022461,0.40501630306243896,0.5072548985481262,0.4026747941970825
0.532055139541626,0.7143619954586029,0.5747435092926025,0.6217295229434967,0.49308523535728455,0.6289432048797607,0.5797013640403748,0.5042959749698639,0.47627732157707214,0.5124619603157043,0.5879724025726318,0.4061632752418518,0.4676453471183777,0.4125087857246399,0.5565347671508789,0.40491151809692383,0.5072590708732605,0.4026626944541931
0.5320342779159546,0.7142519652843475,0.574741780757904,0.6217330992221832,0.4930889904499054,0.6289498507976532,0.5797969698905945,0.5042467415332794,0.47627371549606323,0.512482076883316,0.5880290865898132,0.40614426136016846,0.4676474630832672,0.4124816656112671,0.5565502643585205,0.4049016833305359,0.5072711110115051,0.4026654362678528
0.5320112705230713,0.7142672836780548,0.5747594833374023,0.6218273043632507,0.49309244751930237,0.6289565563201904,0.5798433423042297,0.5047766268253326,0.47626855969429016,0.5124833881855011,0.5880668759346008,0.40725547075271606,0.4676496684551239,0.4124160408973694,0.5565500855445862,0.4049442410469055,0.5072752237319946,0.4027310609817505
0.5320079922676086,0.7143266499042511,0.5748163461685181,0.6218834221363068,0.4930921494960785,0.6289685070514679,0.580219566822052,0.505027711391449,0.47626811265945435,0.512477457523346,0.5881273746490479,0.40725260972976685,0.46765729784965515,0.41229933500289917,0.5565504431724548,0.4049469232559204,0.5072804093360901,0.4027825593948364
0.5320064425468445,0.7149111032485962,0.5748212933540344,0.6219037175178528,0.493093878030777,0.6289787888526917,0.5806441903114319,0.5046990811824799,0.47628217935562134,0.512476772069931,0.5885133147239685,0.4070279598236084,0.4677276909351349,0.4122965931892395,0.5565763711929321,0.40494805574417114,0.5072842240333557,0.40278464555740356
0.5320030450820923,0.7153941094875336,0.5748342275619507,0.6219196617603302,0.4930940568447113,0.6289843916893005,0.5807799100875854,0.5063720643520355,0.47632890939712524,0.512477457523346,0.5888947248458862,0.4082419276237488,0.4678180515766144,0.4123404622077942,0.5565711855888367,0.4048815965652466,0.5072863698005676,0.4027732014656067
0.5320257544517517,0.7153432071208954,0.5748810172080994,0.6219270825386047,0.49313583970069885,0.6289907395839691,0.5811243653297424,0.5070869028568268,0.47632646560668945,0.5125012397766113,0.5893614888191223,0.4104967713356018,0.4678206741809845,0.41233646869659424,0.5565299987792969,0.4049145579338074,0.5072869658470154,0.4027741551399231
0.5320276618003845,0.7153392732143402,0.5748934149742126,0.6219333410263062,0.4931831359863281,0.628996878862381,0.5819348096847534,0.5071233808994293,0.47629737854003906,0.5125009715557098,0.5914860367774963,0.41144341230392456,0.467826247215271,0.4122866988182068,0.5565048456192017,0.40491920709609985,0.5072938203811646,0.4027756452560425
0.5320172905921936,0.7152656018733978,0.5749004483222961,0.6219366788864136,0.4932267367839813,0.6290003657341003,0.5831556916236877,0.5071121752262115,0.4762483835220337,0.5124790966510773,0.5940181016921997,0.41134631633758545,0.4678283929824829,0.4120897650718689,0.5564841032028198,0.4049133062362671,0.507311999797821,0.40273529291152954
0.5320500731468201,0.7151122093200684,0.5748563408851624,0.6219587922096252,0.4932287037372589,0.6289948225021362,0.5844086408615112,0.5070107877254486,0.47610899806022644,0.5124500393867493,0.5962048768997192,0.41131293773651123,0.4678214490413666,0.4118444323539734,0.5564704537391663,0.40491175651550293,0.50732421875,0.40270763635635376
0.5320625305175781,0.7151801884174347,0.5748662948608398,0.6220144033432007,0.49322178959846497,0.6289664804935455,0.5863636136054993,0.5079850852489471,0.4759693443775177,0.5124517977237701,0.6000850200653076,0.41230303049087524,0.46781012415885925,0.41175681352615356,0.5565041899681091,0.40492093563079834,0.5073533654212952,0.40268808603286743
0.5321499109268188,0.7152219116687775,0.5748521089553833,0.6220557987689972,0.4931867718696594,0.6289470493793488,0.5879281759262085,0.5086863338947296,0.4758170545101166,0.5124793648719788,0.6038737893104553,0.4131723642349243,0.4676976501941681,0.41150927543640137,0.5565197467803955,0.4049145579338074,0.507356584072113,0.4025976061820984
0.5320973992347717,0.7151171267032623,0.5748361945152283,0.6221082806587219,0.49302905797958374,0.6288837492465973,0.5903329253196716,0.5091123282909393,0.47575896978378296,0.512577086687088,0.606694221496582,0.41449326276779175,0.4675751030445099,0.4114558696746826,0.5566444993019104,0.40498626232147217,0.5073597431182861,0.4024832844734192
0.532042384147644,0.7144576907157898,0.5747514963150024,0.6222399473190308,0.4928082227706909,0.62880739569664,0.5926597714424133,0.5097622275352478,0.47574737668037415,0.5126345157623291,0.6096035242080688,0.41707026958465576,0.46748781204223633,0.4114503860473633,0.5566971898078918,0.40498030185699463,0.5073435306549072,0.40237051248550415
0.5320335030555725,0.7129914164543152,0.574532151222229,0.6224386990070343,0.49259480834007263,0.6287496387958527,0.5953674912452698,0.5122534930706024,0.4756918251514435,0.5126349031925201,0.613227903842926,0.42120999097824097,0.46733060479164124,0.41144895553588867,0.5567606091499329,0.4048144221305847,0.5073317289352417,0.40195322036743164
0.5320733785629272,0.7120061814785004,0.5741594433784485,0.6225339770317078,0.492269366979599,0.6284550130367279,0.5978779196739197,0.5140658318996429,0.47561201453208923,0.5121756792068481,0.6177644729614258,0.42347103357315063,0.46720707416534424,0.4111682176589966,0.5567740797996521,0.4044622778892517,0.5072937607765198,0.4013441205024719
0.5321080088615417,0.7109146118164062,0.5741147994995117,0.6228831112384796,0.492128849029541,0.6283800601959229,0.5997769832611084,0.5172096490859985,0.47552812099456787,0.511956661939621,0.6208159327507019,0.43034136295318604,0.46711084246635437,0.4107312560081482,0.5567787289619446,0.404105544090271,0.5071809887886047,0.4008040428161621
0.5321028232574463,0.7104211449623108,0.5740203261375427,0.6231260299682617,0.492004930973053,0.6282749176025391,0.6013749837875366,0.5195417106151581,0.4754468500614166,0.511800080537796,0.6246910691261292,0.43535923957824707,0.46700021624565125,0.41023170948028564,0.556774914264679,0.40371644496917725,0.5071083903312683,0.40011996030807495
0.5321053862571716,0.7093110978603363,0.5737536549568176,0.6234513223171234,0.4918302893638611,0.6281804144382477,0.6020523309707642,0.5245347321033478,0.4753771126270294,0.5116392374038696,0.6289516687393188,0.44338440895080566,0.46697333455085754,0.4098396897315979,0.5567032694816589,0.40364348888397217,0.5070513486862183,0.3998231291770935
0.5321123003959656,0.7093361020088196,0.5733635425567627,0.6240861117839813,0.4917146861553192,0.6280907392501831,0.6016766428947449,0.5327441096305847,0.4752718508243561,0.5115838646888733,0.6329708099365234,0.45921748876571655,0.4669046401977539,0.40976059436798096,0.556594729423523,0.403642475605011,0.5070532560348511,0.39981353282928467
0.5320847034454346,0.7096384763717651,0.5731056928634644,0.6249568462371826,0.4916280210018158,0.6279118955135345,0.6027287244796753,0.5369890332221985,0.4751722514629364,0.5115132033824921,0.636938214302063,0.46384918689727783,0.46682247519493103,0.40943920612335205,0.5565083026885986,0.40364205837249756,0.5070610046386719,0.3997918963432312
0.5320948958396912,0.7101299464702606,0.5729840397834778,0.6253263652324677,0.49154800176620483,0.6276800632476807,0.6050059199333191,0.5386072099208832,0.4750654101371765,0.511220395565033,0.6407172083854675,0.4676421880722046,0.46677547693252563,0.40889495611190796,0.5564014911651611,0.403624951839447,0.5070737600326538,0.3996921181678772
0.5320890545845032,0.7108948230743408,0.5729542970657349,0.6255240738391876,0.4914654791355133,0.6274016797542572,0.6080515384674072,0.5403014123439789,0.47494253516197205,0.5109021663665771,0.6426041722297668,0.4743809700012207,0.4667186439037323,0.4083050489425659,0.5563586950302124,0.403583824634552,0.5070949196815491,0.3995997905731201
0.532088041305542,0.710915207862854,0.57289719581604,0.6258093416690826,0.49143683910369873,0.6273081600666046,0.6107189059257507,0.5429219007492065,0.47486722469329834,0.5108300149440765,0.645234227180481,0.47683775424957275,0.4667064845561981,0.40818703174591064,0.5563443303108215,0.4035845994949341,0.5071066617965698,0.39958101511001587
0.5320777297019958,0.7109333872795105,0.5728654265403748,0.6259644627571106,0.49138763546943665,0.6272591352462769,0.6127481460571289,0.5435681641101837,0.4747217893600464,0.5106300115585327,0.6495731472969055,0.47687578201293945,0.46667739748954773,0.407764732837677,0.5563433170318604,0.40362000465393066,0.5071242451667786,0.39956003427505493
0.5320722460746765,0.7109684348106384,0.5728644132614136,0.6260882019996643,0.49134713411331177,0.6272551417350769,0.6140269637107849,0.5450799465179443,0.47460201382637024,0.5105040371417999,0.6532284617424011,0.47955483198165894,0.4666375517845154,0.40751826763153076,0.5563410520553589,0.40391355752944946,0.50715571641922,0.399680495262146
0.5320661067962646,0.7109744548797607,0.5729452967643738,0.6263886988162994,0.49132874608039856,0.6272454857826233,0.615803599357605,0.547225296497345,0.4745294451713562,0.510310024023056,0.6554123163223267,0.48521971702575684,0.466616153717041,0.40738576650619507,0.556343674659729,0.4041491746902466,0.5071616768836975,0.3998112678527832
0.5320759415626526,0.7109871506690979,0.5731493234634399,0.6266650855541229,0.49134063720703125,0.6272326409816742,0.6183851361274719,0.5491374433040619,0.47443169355392456,0.510254979133606,0.6599198579788208,0.4899177551269531,0.4665849506855011,0.40725427865982056,0.5563498139381409,0.40437406301498413,0.5071637034416199,0.40003395080566406
0.5320897698402405,0.7109928131103516,0.5733015537261963,0.6269935667514801,0.49134543538093567,0.6272169351577759,0.619284987449646,0.5505132973194122,0.4743436574935913,0.5101668238639832,0.6619417667388916,0.4940893054008484,0.4665805995464325,0.40719133615493774,0.556350588798523,0.404438316822052,0.5071654319763184,0.40015918016433716
0.5321080684661865,0.7111274302005768,0.5733698010444641,0.62723508477211,0.4913455843925476,0.6271420121192932,0.6201466917991638,0.5515187680721283,0.4741891622543335,0.5096742510795593,0.6660823822021484,0.4963388442993164,0.46650055050849915,0.40659600496292114,0.5563468337059021,0.40448927879333496,0.5071668028831482,0.4002223014831543
0.5321134924888611,0.7112055122852325,0.5735671520233154,0.6273367404937744,0.49135130643844604,0.627104640007019,0.621328592300415,0.5528698861598969,0.47414129972457886,0.5094292461872101,0.6677478551864624,0.49949556589126587,0.4664608836174011,0.40640348196029663,0.5563467741012573,0.404510498046875,0.5071683526039124,0.40025627613067627
0.5320841670036316,0.7120128571987152,0.5739168524742126,0.6273373663425446,0.4913693070411682,0.6270795464515686,0.6231953501701355,0.5539730489253998,0.4741273820400238,0.5093903243541718,0.670957624912262,0.5004750490188599,0.46642524003982544,0.4062640070915222,0.5563554167747498,0.40451210737228394,0.5071595311164856,0.4002925157546997
0.532035231590271,0.7124813199043274,0.5742432475090027,0.6273399293422699,0.49137839674949646,0.6270371675491333,0.6239165663719177,0.5549878776073456,0.4740861654281616,0.5093533098697662,0.6714259386062622,0.5058192610740662,0.46636703610420227,0.4061785340309143,0.5563565492630005,0.4045180678367615,0.5071512460708618,0.40033668279647827
0.5320164561271667,0.712845653295517,0.5743464231491089,0.6274301409721375,0.4913794696331024,0.6270018219947815,0.6241356730461121,0.5567428171634674,0.47406521439552307,0.5093499720096588,0.6711720824241638,0.5107742249965668,0.46632856130599976,0.40600937604904175,0.5563572645187378,0.40453195571899414,0.5071435570716858,0.4003451466560364
0.5319468379020691,0.7131105065345764,0.574603259563446,0.6274929046630859,0.491385281085968,0.6269949376583099,0.6248577237129211,0.5585607886314392,0.4740618169307709,0.5093994736671448,0.6717633605003357,0.5134965777397156,0.4663228690624237,0.4060207009315491,0.5563626885414124,0.40456515550613403,0.5071375370025635,0.40038859844207764
0.5318819284439087,0.7136417627334595,0.5747398734092712,0.6276221573352814,0.4913850724697113,0.6269862055778503,0.6254522800445557,0.5598679184913635,0.4740567207336426,0.5095461308956146,0.6725423336029053,0.5155851542949677,0.4663180708885193,0.4062018394470215,0.5563634037971497,0.40457409620285034,0.5071285367012024,0.40041011571884155
0.5317205190658569,0.7137587666511536,0.57477867603302,0.6277369856834412,0.49139273166656494,0.6269854009151459,0.6255423426628113,0.5626060962677002,0.47405222058296204,0.5097625851631165,0.6726027131080627,0.519271045923233,0.4663172662258148,0.4063926935195923,0.5563424825668335,0.4045788049697876,0.5070986151695251,0.4004146456718445
0.5316206812858582,0.7140627503395081,0.574844241142273,0.6278195977210999,0.4914228618144989,0.6269921362400055,0.6261874437332153,0.5642997622489929,0.47404828667640686,0.5100677609443665,0.6734359860420227,0.5221507847309113,0.4663156569004059,0.40670889616012573,0.5563436150550842,0.4045976996421814,0.5070801973342896,0.4004467725753784
0.5316196084022522,0.7143980264663696,0.5749565958976746,0.6279670894145966,0.49148160219192505,0.6269901394844055,0.6271809935569763,0.5659666955471039,0.47404205799102783,0.5102647542953491,0.6756970882415771,0.5238212943077087,0.46628332138061523,0.40678805112838745,0.5563433766365051,0.40460205078125,0.5070585608482361,0.40048229694366455
0.5317124724388123,0.7147236466407776,0.5749801993370056,0.6283084154129028,0.491548627614975,0.6269902884960175,0.6271523833274841,0.5681374371051788,0.474023699760437,0.5103577673435211,0.6764056086540222,0.5264405310153961,0.46623972058296204,0.406788170337677,0.5563391447067261,0.40458011627197266,0.5070501565933228,0.4004772901535034
0.5318567156791687,0.7148380279541016,0.5750473141670227,0.6287876665592194,0.4916287660598755,0.6269928812980652,0.6274970769882202,0.5701051950454712,0.47400951385498047,0.5103675127029419,0.6778329610824585,0.5295202136039734,0.466204971075058,0.4066949486732483,0.5563387274742126,0.40458279848098755,0.5070487260818481,0.400481641292572
0.5319809317588806,0.7148876190185547,0.5750828981399536,0.6291108727455139,0.49167340993881226,0.6269910633563995,0.6281061172485352,0.5711569488048553,0.47396335005760193,0.5103628039360046,0.6792019605636597,0.5300213694572449,0.46619653701782227,0.4065970182418823,0.5563287734985352,0.4045816659927368,0.5070408582687378,0.40048646926879883
0.5320466756820679,0.7149375975131989,0.5751155614852905,0.6294257938861847,0.4917314350605011,0.6269893050193787,0.628960371017456,0.5724423229694366,0.4739377796649933,0.510362297296524,0.6798692345619202,0.5312795042991638,0.4661931097507477,0.4065619111061096,0.5563228726387024,0.4045823812484741,0.5070290565490723,0.40049314498901367
0.5321238040924072,0.7150275409221649,0.5751760601997375,0.6297642886638641,0.491772323846817,0.6269780695438385,0.6292582750320435,0.5738288462162018,0.47392040491104126,0.5103558599948883,0.6802911162376404,0.5329816043376923,0.46618884801864624,0.4065588712692261,0.5563210248947144,0.40467900037765503,0.5070272088050842,0.4006820321083069
0.5322059988975525,0.7148979306221008,0.5751871466636658,0.6300827860832214,0.4917846620082855,0.6269765496253967,0.6291282773017883,0.5750413835048676,0.47391679883003235,0.5103542804718018,0.6804596781730652,0.5349205732345581,0.466185986995697,0.40655750036239624,0.5563106536865234,0.4047427773475647,0.5070032477378845,0.4007375240325928
0.5322942137718201,0.7147790789604187,0.5752661824226379,0.6304079294204712,0.4918021559715271,0.6269797384738922,0.6292724013328552,0.5759232044219971,0.47391191124916077,0.510326474905014,0.6812435984611511,0.5355516076087952,0.46618345379829407,0.40655702352523804,0.5563051700592041,0.40481865406036377,0.5069924592971802,0.40079325437545776
0.5324189066886902,0.7133969962596893,0.5752818584442139,0.6306199729442596,0.4918247163295746,0.6269898116588593,0.629163920879364,0.5768842101097107,0.4739063084125519,0.5103265345096588,0.6811544299125671,0.5372121632099152,0.4661763310432434,0.4065724015235901,0.55628502368927,0.4049416184425354,0.506986677646637,0.4009397625923157
0.5324568152427673,0.7133573889732361,0.5752880573272705,0.6308138072490692,0.4918290674686432,0.6269882917404175,0.6290796995162964,0.5779655575752258,0.4739026129245758,0.51027712225914,0.6814029216766357,0.5389079451560974,0.4661621153354645,0.4065481424331665,0.5562572479248047,0.4050111174583435,0.5069616436958313,0.40108931064605713
0.5324628353118896,0.7132938802242279,0.5753135085105896,0.630955696105957,0.49183210730552673,0.6269828379154205,0.6290671229362488,0.5785016119480133,0.4738978147506714,0.5102622210979462,0.6817356944084167,0.5402209460735321,0.4661588668823242,0.4065338373184204,0.5562524795532227,0.40502530336380005,0.5069493055343628,0.40112483501434326
0.5324651598930359,0.7125295102596283,0.5753446221351624,0.6310393214225769,0.49183517694473267,0.6269713938236237,0.6292210817337036,0.5787853002548218,0.47390180826187134,0.5102584362030029,0.68272465467453,0.5416989028453827,0.4661352336406708,0.406385600566864,0.5562505722045898,0.40503114461898804,0.5069401860237122,0.4011310935020447
0.532486617565155,0.7120727598667145,0.5753487944602966,0.6311191916465759,0.4918366074562073,0.6269339025020599,0.629184901714325,0.5791929960250854,0.4739018678665161,0.510182797908783,0.6827726364135742,0.5428631901741028,0.4660945236682892,0.40616369247436523,0.5562378764152527,0.4050213694572449,0.5069297552108765,0.4011387825012207
0.5324885845184326,0.7117643058300018,0.575352132320404,0.6311790645122528,0.4918387532234192,0.626851886510849,0.6291587948799133,0.5797634124755859,0.4738997220993042,0.5101093351840973,0.6825850009918213,0.5442308485507965,0.4660704433917999,0.4060388207435608,0.5562088489532471,0.40500640869140625,0.5069265961647034,0.4011417627334595
0.5323298573493958,0.7121281325817108,0.5753486752510071,0.6312147676944733,0.49182945489883423,0.6267833709716797,0.629104495048523,0.5804114639759064,0.47389549016952515,0.5100433826446533,0.682478129863739,0.5457213521003723,0.4660210609436035,0.4060317873954773,0.5561572909355164,0.40495336055755615,0.5069094300270081,0.4011310338973999
0.5322516560554504,0.7121331989765167,0.5753403306007385,0.6312691867351532,0.4918292462825775,0.6267139911651611,0.6290407776832581,0.5810387432575226,0.47388753294944763,0.5100191533565521,0.682392954826355,0.547142744064331,0.46598732471466064,0.405985951423645,0.556123673915863,0.40494364500045776,0.5069044232368469,0.4011344313621521
0.5319305062294006,0.7122288644313812,0.575344979763031,0.6313093900680542,0.4918138384819031,0.6266366839408875,0.6290909647941589,0.581257164478302,0.4738710820674896,0.509919673204422,0.6827302575111389,0.5475586354732513,0.4659668207168579,0.4058418869972229,0.5560956597328186,0.40490978956222534,0.506901204586029,0.4011313319206238
0.5316702723503113,0.7126334607601166,0.5753933191299438,0.6313655972480774,0.4918113052845001,0.6266316175460815,0.6291938424110413,0.5814498066902161,0.4738635718822479,0.5098629295825958,0.6832242608070374,0.548232764005661,0.4659489095211029,0.40580904483795166,0.5560685992240906,0.4048570394515991,0.50689297914505,0.40113115310668945
0.5315555334091187,0.7129203677177429,0.575397253036499,0.6314663887023926,0.49180328845977783,0.6266277432441711,0.6291922330856323,0.5819917917251587,0.4738449454307556,0.5097725689411163,0.6833391785621643,0.5489497482776642,0.4659298360347748,0.40577763319015503,0.5560457706451416,0.4048196077346802,0.5068899393081665,0.4011305570602417
0.5315608382225037,0.712906002998352,0.5753980278968811,0.631534606218338,0.49180182814598083,0.6266132593154907,0.629181981086731,0.5826078355312347,0.4738418161869049,0.509636253118515,0.6833822727203369,0.5512579381465912,0.4659164845943451,0.40569502115249634,0.5560268759727478,0.4048003554344177,0.5068866014480591,0.4011254906654358
0.5315279364585876,0.7135966122150421,0.5753953456878662,0.631616622209549,0.4917975068092346,0.6266106069087982,0.629177987575531,0.5834260582923889,0.47381749749183655,0.5096265375614166,0.6833904981613159,0.5535569489002228,0.4659014046192169,0.4056885838508606,0.5559648871421814,0.40471744537353516,0.5068703293800354,0.401109516620636
0.5315167307853699,0.7138854563236237,0.5755385756492615,0.6316664218902588,0.4917982816696167,0.6266064643859863,0.6297751069068909,0.5839417576789856,0.4738118052482605,0.5096233785152435,0.685794472694397,0.5534972846508026,0.46588876843452454,0.40582484006881714,0.5559597611427307,0.40470439195632935,0.5068577527999878,0.40111345052719116
0.5314810872077942,0.7140565514564514,0.575664758682251,0.6316923499107361,0.49179887771606445,0.6266033947467804,0.6299772262573242,0.5848990976810455,0.4738015830516815,0.5096275508403778,0.6860443353652954,0.5547004044055939,0.46585196256637573,0.40587490797042847,0.555955171585083,0.4046604037284851,0.5068467855453491,0.4011099934577942
0.5313815474510193,0.7143956422805786,0.5758055448532104,0.6317582428455353,0.4918060600757599,0.6265973448753357,0.6305976510047913,0.5859394073486328,0.47379904985427856,0.5096438825130463,0.6878446936607361,0.5557276010513306,0.46583232283592224,0.4058806300163269,0.5559511184692383,0.4046534299850464,0.5068332552909851,0.4011337161064148
0.5312484502792358,0.7148204147815704,0.5758554935455322,0.6319045722484589,0.49180400371551514,0.6265392303466797,0.6306753754615784,0.5870369076728821,0.4737893342971802,0.5096103250980377,0.6875406503677368,0.5565473139286041,0.4658096432685852,0.405834436416626,0.5559476613998413,0.40465009212493896,0.5068238377571106,0.40115606784820557
0.5311847925186157,0.7152417004108429,0.5759351849555969,0.632013738155365,0.4918011724948883,0.6265157759189606,0.630900502204895,0.5876982808113098,0.47378042340278625,0.5095912218093872,0.6873903274536133,0.5576342344284058,0.4657812714576721,0.4057985544204712,0.5559438467025757,0.4046481251716614,0.5067978501319885,0.4012133479118347
0.5311575531959534,0.7156635820865631,0.5759756565093994,0.6321403384208679,0.49179956316947937,0.6264976263046265,0.6309970617294312,0.5882981717586517,0.4737775921821594,0.5095535814762115,0.6872862577438354,0.5611230432987213,0.4657432436943054,0.40553659200668335,0.5559415817260742,0.4046478867530823,0.5067834258079529,0.40125226974487305
0.5311170816421509,0.7157835960388184,0.5759888887405396,0.6322009265422821,0.49180305004119873,0.6264921426773071,0.6310033798217773,0.5889210104942322,0.47377580404281616,0.5095903277397156,0.686841607093811,0.5635139048099518,0.46573448181152344,0.40553659200668335,0.5559374094009399,0.4046337604522705,0.5067669153213501,0.4012499451637268
0.531121015548706,0.7158831655979156,0.5759589076042175,0.6322741806507111,0.49180516600608826,0.6264734268188477,0.6309455037117004,0.5894745588302612,0.4737750291824341,0.5097664296627045,0.6862242221832275,0.5643593966960907,0.46572986245155334,0.4062795042991638,0.5559295415878296,0.40462762117385864,0.5067526698112488,0.40123450756073
0.5311156511306763,0.7159490287303925,0.5759515166282654,0.6324028968811035,0.49180564284324646,0.6264503002166748,0.6309839487075806,0.5901283025741577,0.4737807810306549,0.5099925398826599,0.6871785521507263,0.5642141401767731,0.46574145555496216,0.4068353772163391,0.5559261441230774,0.40462446212768555,0.5067439675331116,0.40123462677001953
0.53111732006073,0.7160236835479736,0.5759477615356445,0.6325511336326599,0.4918109178543091,0.6264449954032898,0.6309784650802612,0.590561717748642,0.4737887978553772,0.5102170705795288,0.6877319812774658,0.5648620128631592,0.4658021628856659,0.4070975184440613,0.5559256672859192,0.40462183952331543,0.5067358613014221,0.4012290835380554
0.5311363935470581,0.7161400020122528,0.575950562953949,0.6327040195465088,0.49181896448135376,0.6264460384845734,0.6309744715690613,0.5909793376922607,0.4737953543663025,0.5103386640548706,0.6876224875450134,0.5660041272640228,0.4658367335796356,0.407362699508667,0.5559234619140625,0.40462297201156616,0.506720244884491,0.4012294411659241
0.5311457514762878,0.7161424160003662,0.5759716629981995,0.6327932775020599,0.49182331562042236,0.6264472305774689,0.6311467289924622,0.5911917090415955,0.47379934787750244,0.510501503944397,0.6880373358726501,0.5663430392742157,0.46587860584259033,0.4075244665145874,0.5559214353561401,0.4046258330345154,0.5066825151443481,0.4012393355369568
0.5312077403068542,0.7160672247409821,0.5759810209274292,0.6329309344291687,0.4918332099914551,0.6264447569847107,0.6313617825508118,0.5913748145103455,0.47380417585372925,0.5105923712253571,0.689104437828064,0.5665576756000519,0.46588414907455444,0.407683789730072,0.5559207797050476,0.40462666749954224,0.5066708922386169,0.4012634754180908
0.5312424898147583,0.7159609496593475,0.5759760141372681,0.6330694258213043,0.4918369650840759,0.62642702460289,0.6313546299934387,0.5918777883052826,0.4738057553768158,0.5106089413166046,0.6892307996749878,0.5681887567043304,0.4658733308315277,0.40776526927948,0.5559217929840088,0.40463411808013916,0.5066647529602051,0.4012877941131592
0.531243622303009,0.7159736454486847,0.5759770274162292,0.6331412494182587,0.49183496832847595,0.6263692677021027,0.6313607096672058,0.5924639105796814,0.47379496693611145,0.5105680823326111,0.6894302368164062,0.5711540281772614,0.46580269932746887,0.40759629011154175,0.5559207797050476,0.4046321511268616,0.5066611766815186,0.4012894034385681
0.5312325954437256,0.7159634530544281,0.5759912729263306,0.6332035064697266,0.4918234050273895,0.6263394951820374,0.6314300894737244,0.5926367342472076,0.47375738620758057,0.5103376507759094,0.6906585097312927,0.572640985250473,0.46573054790496826,0.4066235423088074,0.5559155941009521,0.40459340810775757,0.5066421627998352,0.40127694606781006
0.5312314629554749,0.7160683274269104,0.5760330557823181,0.6332361698150635,0.49182093143463135,0.6263274550437927,0.6316020488739014,0.592741459608078,0.47367873787879944,0.5102559328079224,0.692202627658844,0.5732608139514923,0.46567052602767944,0.40588706731796265,0.5559138655662537,0.4045693278312683,0.5066326856613159,0.4012775421142578
0.5312350988388062,0.7160844802856445,0.5760347247123718,0.6333740651607513,0.4918164610862732,0.626307338476181,0.6317185759544373,0.5927932560443878,0.4735933244228363,0.5100995600223541,0.6926657557487488,0.573889970779419,0.46556875109672546,0.4052395820617676,0.5559130311012268,0.40456753969192505,0.506626546382904,0.40128403902053833
0.531206488609314,0.7160826623439789,0.5760363936424255,0.6334555149078369,0.4918151795864105,0.6263017952442169,0.6317649483680725,0.5928418338298798,0.47354891896247864,0.5100668966770172,0.6926116347312927,0.5743986070156097,0.4654960632324219,0.40501028299331665,0.5559121370315552,0.40456587076187134,0.5066216588020325,0.40128594636917114
0.5312058925628662,0.7160853445529938,0.5760381817817688,0.6335603892803192,0.49181270599365234,0.6262964010238647,0.6318122744560242,0.5928569734096527,0.4735371768474579,0.5100639164447784,0.6927675008773804,0.5744775533676147,0.4654639959335327,0.40489113330841064,0.5559068918228149,0.4045449495315552,0.5066027045249939,0.40127789974212646
0.5312014222145081,0.7161217629909515,0.5760442018508911,0.6336410939693451,0.49181249737739563,0.6263017654418945,0.6318424344062805,0.5928619801998138,0.47353509068489075,0.5101652443408966,0.6930464506149292,0.574361264705658,0.46545612812042236,0.4051216244697571,0.5559068322181702,0.40454530715942383,0.5065977573394775,0.4012940526008606
0.5311657190322876,0.7161844968795776,0.5760547518730164,0.6337101757526398,0.49181118607521057,0.6263140141963959,0.6318578124046326,0.59286829829216,0.47353318333625793,0.5103255808353424,0.6929985284805298,0.5742481350898743,0.46548929810523987,0.4052790403366089,0.5559051632881165,0.4045436978340149,0.5065551400184631,0.40129685401916504
0.5311062335968018,0.7162004113197327,0.5760524272918701,0.6338525414466858,0.4918117821216583,0.6263615190982819,0.631754994392395,0.592919260263443,0.4735337793827057,0.5106709897518158,0.6922465562820435,0.5741797685623169,0.4656105935573578,0.40582275390625,0.5558975338935852,0.40459144115448,0.5065082311630249,0.40132009983062744
0.5310817956924438,0.7163520157337189,0.5760537981987,0.6340717971324921,0.4918123781681061,0.6264656186103821,0.6316496729850769,0.5929345190525055,0.4735371768474579,0.5111807882785797,0.6917650103569031,0.5736611187458038,0.4657772183418274,0.4062883257865906,0.5558924078941345,0.404618501663208,0.5064551830291748,0.4013252258300781
0.5310532450675964,0.7163977921009064,0.5760616064071655,0.634208619594574,0.4918140470981598,0.6266278028488159,0.6317546963691711,0.5927911102771759,0.47353917360305786,0.5117765665054321,0.691761314868927,0.5717141628265381,0.4658977687358856,0.40692776441574097,0.5558937788009644,0.40465760231018066,0.5064144730567932,0.40136510133743286
0.5310134291648865,0.7165045440196991,0.5760694742202759,0.6342229843139648,0.4918197989463806,0.6267803311347961,0.6317088007926941,0.5925507545471191,0.47353217005729675,0.5121605098247528,0.690867006778717,0.5701614022254944,0.46602967381477356,0.40726643800735474,0.5558913946151733,0.4046720266342163,0.5063871145248413,0.4013715386390686
0.5310124158859253,0.7166014909744263,0.5760758519172668,0.634231835603714,0.49183255434036255,0.626852959394455,0.6315627694129944,0.5924056172370911,0.47352173924446106,0.5123437941074371,0.6905128955841064,0.5684059858322144,0.4661199450492859,0.40755414962768555,0.5558910965919495,0.40467023849487305,0.5063650012016296,0.4013702869415283
0.5310071110725403,0.7168108820915222,0.5760675668716431,0.6342433094978333,0.4918372929096222,0.6269219815731049,0.6313705444335938,0.5916249454021454,0.47351542115211487,0.5123966336250305,0.6875317692756653,0.5662926137447357,0.4661553204059601,0.407598614692688,0.5558892488479614,0.4046623110771179,0.50635826587677,0.4013623595237732
0.5310038328170776,0.7168489098548889,0.5760514736175537,0.634252667427063,0.49183765053749084,0.6269963085651398,0.631011962890625,0.5907025933265686,0.473511666059494,0.5124265849590302,0.6862667798995972,0.5621433556079865,0.4661772847175598,0.4075818657875061,0.5558798909187317,0.404646635055542,0.5063440203666687,0.4013324975967407
0.5310185551643372,0.7168556749820709,0.57603919506073,0.6342096924781799,0.4918377101421356,0.6270387470722198,0.6306164860725403,0.5888971388339996,0.47350409626960754,0.5124545097351074,0.6862935423851013,0.5592063069343567,0.4661782383918762,0.4076104164123535,0.5558741688728333,0.40464144945144653,0.5063341856002808,0.4013015627861023
0.5310173630714417,0.7167478501796722,0.5759764909744263,0.6341122686862946,0.49183836579322815,0.6270825564861298,0.6301136016845703,0.5865083336830139,0.4735024571418762,0.5124955773353577,0.684951901435852,0.5564249157905579,0.4661784768104553,0.40783876180648804,0.5558590292930603,0.40466296672821045,0.5063296556472778,0.4013005495071411
0.5310192108154297,0.7165727913379669,0.5759314298629761,0.6339270770549774,0.4918424189090729,0.6271450519561768,0.6295540928840637,0.5846369862556458,0.4735008776187897,0.5125328898429871,0.6844215989112854,0.5527026057243347,0.46616581082344055,0.4079539179801941,0.5558467507362366,0.40467369556427,0.5063216090202332,0.4012984037399292
0.5310109257698059,0.7162054181098938,0.5759109258651733,0.6336457431316376,0.49184954166412354,0.627157598733902,0.6293527483940125,0.5823984742164612,0.4734954237937927,0.5125408470630646,0.684296190738678,0.5477986335754395,0.46615365147590637,0.40800124406814575,0.5558432340621948,0.4046729803085327,0.5063145756721497,0.40129488706588745
0.5310688614845276,0.7156790196895599,0.5758739709854126,0.6332209706306458,0.49185803532600403,0.6271721720695496,0.6293612718582153,0.5795702934265137,0.4734863042831421,0.512548953294754,0.684424102306366,0.5419400036334991,0.4661346971988678,0.40800774097442627,0.5558425784111023,0.40467369556427,0.5063150525093079,0.4012976288795471
0.5312353372573853,0.7152393460273743,0.5758655667304993,0.6328112781047821,0.49185866117477417,0.6271783411502838,0.6293686032295227,0.5758425295352936,0.47348496317863464,0.5125552713871002,0.6837561726570129,0.5360408127307892,0.4661320745944977,0.40806734561920166,0.5558490753173828,0.40468287467956543,0.5063109993934631,0.4012962579727173
0.531586229801178,0.7148677110671997,0.5758468508720398,0.6321753561496735,0.4918614327907562,0.6271931827068329,0.6290115118026733,0.5732821822166443,0.4734942615032196,0.5125696361064911,0.6813653707504272,0.5316520631313324,0.46613165736198425,0.4081321358680725,0.5558658838272095,0.40470612049102783,0.5063119530677795,0.4013029932975769
0.5318511128425598,0.7145502865314484,0.5758559107780457,0.6315288841724396,0.49186617136001587,0.6272792816162109,0.6280189752578735,0.5692498981952667,0.47351422905921936,0.5127043426036835,0.6789414286613464,0.5278493762016296,0.4661305546760559,0.4084535241127014,0.5558788180351257,0.40471702814102173,0.5063135027885437,0.40131229162216187
0.5320054888725281,0.7143211364746094,0.5758845210075378,0.6306794285774231,0.49191224575042725,0.6273514926433563,0.6277047395706177,0.5654043555259705,0.47355538606643677,0.5128264129161835,0.6772951483726501,0.5215758681297302,0.4661294221878052,0.4087181091308594,0.5558888912200928,0.40472692251205444,0.5063197016716003,0.40132367610931396
0.5320804119110107,0.7142114043235779,0.5758845806121826,0.63003870844841,0.49195000529289246,0.627502977848053,0.6267359852790833,0.5618530809879303,0.4735812544822693,0.5129671990871429,0.6747604012489319,0.5169441401958466,0.46613046526908875,0.40917885303497314,0.5558878779411316,0.4047158360481262,0.5063186883926392,0.4013073444366455
0.5320927500724792,0.7143284678459167,0.5758516192436218,0.6295387744903564,0.49197250604629517,0.6275947391986847,0.626129686832428,0.5573853552341461,0.4736306965351105,0.513006865978241,0.6740077137947083,0.5110249817371368,0.46613121032714844,0.40939849615097046,0.5558880567550659,0.40470772981643677,0.5063220858573914,0.40130436420440674
0.5320907235145569,0.7145785987377167,0.5758386254310608,0.6291366815567017,0.492045134305954,0.62770214676857,0.6258636116981506,0.5539760589599609,0.4736575484275818,0.5130589306354523,0.6739900708198547,0.5025513768196106,0.4661135971546173,0.41022247076034546,0.5558881759643555,0.40470653772354126,0.5063102841377258,0.4013357162475586
0.5320822596549988,0.7148742377758026,0.5758181214332581,0.6288627982139587,0.4920947849750519,0.6277555823326111,0.6242294311523438,0.5517743527889252,0.47365859150886536,0.5130652487277985,0.6719362735748291,0.49837207794189453,0.46604108810424805,0.41060036420822144,0.5558903813362122,0.40470755100250244,0.5063093304634094,0.4013388752937317
0.5320357084274292,0.7150444090366364,0.5758074522018433,0.6284357905387878,0.492169588804245,0.627781093120575,0.6233721971511841,0.5493417382240295,0.47366225719451904,0.5130524933338165,0.6703523993492126,0.492310106754303,0.46594831347465515,0.4106006622314453,0.5558921098709106,0.404715895652771,0.5063084959983826,0.40134209394454956
0.531948447227478,0.7151239216327667,0.5757622122764587,0.6283715963363647,0.4921964108943939,0.6278231143951416,0.6217432022094727,0.5484093725681305,0.47366639971733093,0.5130111575126648,0.6662503480911255,0.48794025182724,0.46587786078453064,0.41055828332901,0.5559130311012268,0.4047592282295227,0.5063124299049377,0.40134376287460327
0.5319451689720154,0.7151273488998413,0.575609028339386,0.6281228363513947,0.4922405779361725,0.6278996467590332,0.6204813122749329,0.5462514758110046,0.47367140650749207,0.5130028128623962,0.6642722487449646,0.4837087392807007,0.46585503220558167,0.4105551242828369,0.5559498071670532,0.40482503175735474,0.506347119808197,0.40135300159454346
0.5319507718086243,0.7151292264461517,0.5753763318061829,0.6276054382324219,0.49227240681648254,0.6279821395874023,0.6178374886512756,0.5441367328166962,0.47369706630706787,0.5129980444908142,0.6589640974998474,0.48038041591644287,0.46583595871925354,0.41052520275115967,0.5560219287872314,0.4049927592277527,0.5064203143119812,0.4013845920562744
0.531950831413269,0.714995801448822,0.5750440955162048,0.6274287104606628,0.49229803681373596,0.6280863285064697,0.6157932877540588,0.5439564883708954,0.4737292528152466,0.5130082964897156,0.6550190448760986,0.47757530212402344,0.4658336937427521,0.4106264114379883,0.5560529828071594,0.405335009098053,0.5064768195152283,0.40150439739227295
0.5319696068763733,0.7149219810962677,0.5748544931411743,0.6272432804107666,0.4923449456691742,0.6281602084636688,0.61480712890625,0.5432496964931488,0.47378814220428467,0.5130267143249512,0.6510809063911438,0.4749119281768799,0.46584245562553406,0.41062504053115845,0.5560929775238037,0.4054909348487854,0.5065165758132935,0.4015316963195801
0.5319778919219971,0.7149400413036346,0.5748182535171509,0.6270565092563629,0.4923654794692993,0.628172904253006,0.6137648820877075,0.5409708619117737,0.4738967716693878,0.5130262672901154,0.6479215621948242,0.4742876887321472,0.46586352586746216,0.4105674624443054,0.5560956597328186,0.40549415349960327,0.5065292119979858,0.4015313982963562
0.5320457220077515,0.7151357233524323,0.5747193098068237,0.6269741356372833,0.4924093782901764,0.6282153129577637,0.6106902360916138,0.5399492084980011,0.4740446209907532,0.5130373239517212,0.6445214152336121,0.47350746393203735,0.46591654419898987,0.4106714725494385,0.556103527545929,0.40550148487091064,0.5065661668777466,0.40153956413269043
0.5320783853530884,0.7152906358242035,0.5745702981948853,0.626950591802597,0.4924573302268982,0.628278911113739,0.6080828309059143,0.5385123193264008,0.4741840958595276,0.5130889415740967,0.6420333385467529,0.46915489435195923,0.46598032116889954,0.41090327501296997,0.5561156868934631,0.40555310249328613,0.5065981149673462,0.4015771746635437
0.5321104526519775,0.7152508497238159,0.5744760036468506,0.6269490718841553,0.4925110936164856,0.6283696293830872,0.606005072593689,0.5365802347660065,0.4743616282939911,0.5131373107433319,0.6401509642601013,0.4650396704673767,0.46608978509902954,0.4112425446510315,0.5561183094978333,0.4056047797203064,0.5066230297088623,0.40164315700531006
0.532111406326294,0.7151686549186707,0.5743067264556885,0.6268573999404907,0.49253320693969727,0.6284595429897308,0.6043534874916077,0.5351254940032959,0.4746056795120239,0.5131497979164124,0.6369249224662781,0.4634498953819275,0.46625033020973206,0.41139453649520874,0.5561206340789795,0.40564459562301636,0.5066415667533875,0.40170860290527344
0.5321153998374939,0.714979887008667,0.5741917490959167,0.6265993416309357,0.4925746023654938,0.6285156905651093,0.6036854386329651,0.5313238501548767,0.47487297654151917,0.5132745206356049,0.6347700357437134,0.456367552280426,0.466341495513916,0.41166359186172485,0.5561196208000183,0.4056316018104553,0.5066439509391785,0.40171217918395996
0.5320676565170288,0.7148095667362213,0.5741318464279175,0.6263768672943115,0.4926179051399231,0.6285293996334076,0.6032121181488037,0.5285162329673767,0.47509872913360596,0.5133881270885468,0.6322267055511475,0.44807112216949463,0.46643832325935364,0.4117248058319092,0.5561297535896301,0.40563493967056274,0.5066558122634888,0.4017219543457031
0.5319675207138062,0.7148454487323761,0.5740973949432373,0.6262268722057343,0.49262693524360657,0.6285435557365417,0.602012038230896,0.5252916812896729,0.4751788377761841,0.5134036540985107,0.6299408078193665,0.44083207845687866,0.46648356318473816,0.41173356771469116,0.5561609268188477,0.405628502368927,0.5066723823547363,0.40171825885772705
0.5318387150764465,0.7150871455669403,0.574047327041626,0.6260313391685486,0.49263352155685425,0.6285565197467804,0.6012366414070129,0.5238485932350159,0.47523120045661926,0.5134279131889343,0.6259105205535889,0.43902313709259033,0.4665192663669586,0.4117342233657837,0.5561835169792175,0.4055379033088684,0.5066728591918945,0.40167146921157837
0.5317093133926392,0.7155009210109711,0.5739681124687195,0.6256865859031677,0.4926212728023529,0.6285700500011444,0.6007813215255737,0.5221697092056274,0.47527071833610535,0.5134376287460327,0.6240248084068298,0.4358983635902405,0.46652093529701233,0.41170060634613037,0.5561863780021667,0.40536290407180786,0.5066495537757874,0.401633620262146
0.5316953063011169,0.7159023284912109,0.5739339590072632,0.6252067983150482,0.49259769916534424,0.6285819113254547,0.600554347038269,0.5206933915615082,0.4752860963344574,0.5134540796279907,0.622261106967926,0.4325026869773865,0.46649831533432007,0.4116794466972351,0.5562341809272766,0.40523892641067505,0.5066233277320862,0.4015747308731079
0.5317013263702393,0.7162587344646454,0.5739495754241943,0.624624639749527,0.4925786554813385,0.6285701990127563,0.599230945110321,0.518329530954361,0.47525444626808167,0.5134100914001465,0.620367169380188,0.42829054594039917,0.466374933719635,0.4115299582481384,0.5562916398048401,0.4051041603088379,0.5066114068031311,0.4015312194824219
0.5317513942718506,0.7165496945381165,0.5739548206329346,0.6242279410362244,0.4925636351108551,0.628535807132721,0.5981622338294983,0.5153336822986603,0.475180983543396,0.5133071839809418,0.6175438761711121,0.4204632639884949,0.4663127660751343,0.4109264016151428,0.556320309638977,0.40504783391952515,0.5066070556640625,0.401506245136261
0.5317597985267639,0.7168044447898865,0.5740146636962891,0.6239795982837677,0.4925619959831238,0.6285402476787567,0.5965326428413391,0.5146525204181671,0.47507184743881226,0.5132996141910553,0.6144794821739197,0.42128050327301025,0.4662449061870575,0.41073668003082275,0.5563240647315979,0.4050145149230957,0.5066059231758118,0.40149956941604614
0.5317651033401489,0.7172630727291107,0.574187695980072,0.6236591935157776,0.4925621449947357,0.6285381019115448,0.5951374769210815,0.5121827721595764,0.47501900792121887,0.5132726728916168,0.6118564605712891,0.4197392463684082,0.46616724133491516,0.4103251099586487,0.5563228130340576,0.40500563383102417,0.5066060423851013,0.40150636434555054
0.5317720174789429,0.7175247073173523,0.5744497179985046,0.6234617829322815,0.49257582426071167,0.6285396814346313,0.5937642455101013,0.5101315081119537,0.4749678373336792,0.5132148563861847,0.610751211643219,0.41839009523391724,0.46612921357154846,0.4101969003677368,0.5563199520111084,0.4049147367477417,0.5066058039665222,0.4015066623687744
0.5317755341529846,0.717884361743927,0.5746694803237915,0.6233360767364502,0.4925917088985443,0.6285621523857117,0.5924800038337708,0.5101647973060608,0.4749417006969452,0.5132060348987579,0.6090423464775085,0.4176784157752991,0.4660983085632324,0.41020429134368896,0.5563271641731262,0.40489643812179565,0.506606936454773,0.40151816606521606
0.5318001508712769,0.7180056273937225,0.5748007893562317,0.6232508420944214,0.49260789155960083,0.628589540719986,0.5905344486236572,0.5107212662696838,0.47488272190093994,0.5131400227546692,0.6064853072166443,0.4185866713523865,0.4660789668560028,0.4102901220321655,0.5563289523124695,0.4048932194709778,0.5066066980361938,0.4015257954597473
0.5318478941917419,0.7180073857307434,0.5748419165611267,0.6231950521469116,0.492638498544693,0.6286323666572571,0.5895690321922302,0.5105727016925812,0.4747241139411926,0.5130645632743835,0.605253279209137,0.4164857268333435,0.46584171056747437,0.4104069471359253,0.5563317537307739,0.4048811197280884,0.5066076517105103,0.4015777111053467
0.531844437122345,0.7180151045322418,0.5748506188392639,0.6231831610202789,0.49268826842308044,0.6286852657794952,0.5885128378868103,0.5097637474536896,0.4745168089866638,0.5129667520523071,0.6023880243301392,0.41406571865081787,0.46580860018730164,0.41043156385421753,0.5563591718673706,0.4048777222633362,0.5066347718238831,0.4016445279121399
0.5318151116371155,0.718020498752594,0.5748409628868103,0.6231905221939087,0.4927116334438324,0.6287433803081512,0.5871046185493469,0.5098325908184052,0.47437065839767456,0.512945830821991,0.5992684960365295,0.4137236475944519,0.4657834470272064,0.41056573390960693,0.5562983751296997,0.40487420558929443,0.5066357254981995,0.4018430709838867
0.5318019390106201,0.7180608212947845,0.5748157501220703,0.6231839954853058,0.49273574352264404,0.6287833750247955,0.5857442617416382,0.5084765255451202,0.4742286801338196,0.5128740668296814,0.5974056720733643,0.41128993034362793,0.46570661664009094,0.4105873703956604,0.556239664554596,0.40489083528518677,0.5066357851028442,0.4021587371826172
0.5317479968070984,0.7181146442890167,0.5747535228729248,0.6231234669685364,0.49274078011512756,0.6288106441497803,0.5848304629325867,0.5078389346599579,0.474091112613678,0.512771338224411,0.5959694385528564,0.4103814959526062,0.4656381905078888,0.4105927348136902,0.5561718344688416,0.4048864245414734,0.506621778011322,0.40233534574508667
0.5317442417144775,0.718171238899231,0.5747197866439819,0.6231165826320648,0.49274417757987976,0.6288250386714935,0.5841516256332397,0.5078115463256836,0.473998099565506,0.5126936137676239,0.5948548913002014,0.41035711765289307,0.46559229493141174,0.41059553623199463,0.5561333894729614,0.4048161506652832,0.5066016912460327,0.4023669362068176
0.5317484736442566,0.7181814312934875,0.5746386051177979,0.6231124401092529,0.492746502161026,0.6288388967514038,0.5830257534980774,0.5080112516880035,0.4739883840084076,0.5126958787441254,0.5936450958251953,0.4110018014907837,0.46558061242103577,0.4107210636138916,0.5560585856437683,0.4047452211380005,0.5065892338752747,0.40244239568710327
0.5317565202713013,0.718207597732544,0.5745813250541687,0.6231106817722321,0.49274924397468567,0.6288681328296661,0.5820799469947815,0.5081590414047241,0.473977655172348,0.5127050876617432,0.5917452573776245,0.4109709858894348,0.46554550528526306,0.41071343421936035,0.5559682846069336,0.4046322703361511,0.5065433979034424,0.4024561643600464
0.5317568182945251,0.7182118594646454,0.5745508670806885,0.6231156587600708,0.49275848269462585,0.6289224624633789,0.5814638733863831,0.5082176625728607,0.4739759862422943,0.5127023160457611,0.5904750823974609,0.4113318920135498,0.465542733669281,0.410705029964447,0.5558792352676392,0.4046279788017273,0.5065244436264038,0.40245968103408813
0.5318906307220459,0.7182087600231171,0.5745481252670288,0.62315234541893,0.49277809262275696,0.6289742290973663,0.5811129808425903,0.5082679390907288,0.473974347114563,0.5126998424530029,0.5897567868232727,0.41131526231765747,0.4655405580997467,0.41069889068603516,0.555861234664917,0.4046233296394348,0.5065134763717651,0.402463436126709
0.5320991277694702,0.7182139456272125,0.5745357871055603,0.623151421546936,0.4927964508533478,0.629025399684906,0.5805834531784058,0.5079536139965057,0.473969042301178,0.512697845697403,0.5892055630683899,0.41077160835266113,0.4655382037162781,0.41074979305267334,0.5558628439903259,0.40462595224380493,0.5065144300460815,0.4024731516838074
0.5323014855384827,0.718267947435379,0.5745329260826111,0.6231343448162079,0.49280181527137756,0.6290631294250488,0.5804231762886047,0.5074445903301239,0.4739415943622589,0.5126913487911224,0.5887994170188904,0.40926945209503174,0.46553289890289307,0.4107508063316345,0.5558710098266602,0.40462779998779297,0.506511926651001,0.4024849534034729
0.5324599146842957,0.7183901369571686,0.5745378732681274,0.6231334507465363,0.4928055703639984,0.629091888666153,0.5802657604217529,0.5074602365493774,0.47389790415763855,0.5126800537109375,0.5882734656333923,0.40896111726760864,0.46553072333335876,0.41081637144088745,0.5558715462684631,0.40462571382522583,0.5065073370933533,0.40251433849334717
0.5327140092849731,0.718639999628067,0.5745502710342407,0.6231329441070557,0.492808073759079,0.629105806350708,0.5802786350250244,0.5074714422225952,0.47384771704673767,0.512649804353714,0.5879904627799988,0.4089704155921936,0.46552610397338867,0.41078734397888184,0.5559333562850952,0.4044480323791504,0.506506085395813,0.40238720178604126
0.5331575274467468,0.7186862826347351,0.5745643377304077,0.6231201887130737,0.4928184449672699,0.6291176676750183,0.5804554224014282,0.5062780976295471,0.47380951046943665,0.5125306248664856,0.5882875323295593,0.40559375286102295,0.4655238091945648,0.41048765182495117,0.55612713098526,0.4043048024177551,0.5065132975578308,0.4022632837295532
0.5333933234214783,0.718692272901535,0.5745600461959839,0.6231181919574738,0.4928217828273773,0.6291239857673645,0.5804598331451416,0.5057978332042694,0.47380706667900085,0.5124722421169281,0.5880305171012878,0.4055026173591614,0.46552664041519165,0.4104864001274109,0.5562378168106079,0.4043005704879761,0.5065398812294006,0.4022716283798218
0.5334233045578003,0.7187067270278931,0.5745742917060852,0.6230986416339874,0.4928247630596161,0.629130482673645,0.5805450677871704,0.5055050849914551,0.4738050401210785,0.512453556060791,0.5879994034767151,0.40535295009613037,0.4655251204967499,0.4104717969894409,0.5563035607337952,0.40429794788360596,0.5065556168556213,0.4022983908653259
0.5334471464157104,0.7187114953994751,0.5745897889137268,0.6230954229831696,0.49283552169799805,0.629148542881012,0.5805724859237671,0.505325585603714,0.47381335496902466,0.5124549567699432,0.5880060791969299,0.40486758947372437,0.46551313996315,0.41035085916519165,0.5563512444496155,0.40424203872680664,0.5065734386444092,0.40230828523635864
0.533466637134552,0.7187097668647766,0.574601411819458,0.623092919588089,0.49285969138145447,0.6291806995868683,0.5806050896644592,0.5051050782203674,0.47382673621177673,0.5124912261962891,0.5880523324012756,0.40417128801345825,0.46546947956085205,0.40997785329818726,0.556374728679657,0.4042282700538635,0.5065918564796448,0.4023612141609192